{
  "device": "cpu",
  "results": {
    "pytorch_fp32": {
      "p50": 0.007526687521021813,
      "p95": 0.008216461073607207,
      "p99": 0.009020530008710921,
      "speedup_vs_pytorch": 1.0
    },
    "onnx_fp32": {
      "p50": 0.0026429370045661926,
      "p95": 0.003057186066871509,
      "p99": 0.0031127391522750257,
      "speedup_vs_pytorch": 2.85
    },
    "onnx_int8": {
      "p50": 0.0013650624314323068,
      "p95": 0.0018598500406369566,
      "p99": 0.0018799532961566,
      "speedup_vs_pytorch": 5.51
    }
  }
}